{"cameraMode":{"drawMode":0,"name":"Shaded","section":"Shading Mode"},"sceneLighting":true,"audioPlay":false,"sceneViewState":{"showFog":true,"showMaterialUpdate":false,"showSkybox":true,"showFlares":true,"showImageEffects":true,"showParticleSystems":true},"in2DMode":false,"pivot":{"x":-43.80270004272461,"y":71.18353271484375,"z":78.4225845336914},"rotation":{"x":0.26079481840133669,"y":-0.5370712280273438,"z":0.17910484969615937,"w":0.7819782495498657},"size":74.12651062011719,"orthographic":false}