{"cameraMode":{"drawMode":0,"name":"Shaded","section":"Shading Mode"},"sceneLighting":false,"audioPlay":false,"sceneViewState":{"showFog":true,"showMaterialUpdate":false,"showSkybox":false,"showFlares":true,"showImageEffects":true,"showParticleSystems":true},"in2DMode":false,"pivot":{"x":-0.000008106231689453125,"y":0.4638107419013977,"z":-0.00000286102294921875},"rotation":{"x":0.382779985666275,"y":-0.6041544675827026,"z":0.40667152404785159,"w":0.5685536861419678},"size":3.515923023223877,"orthographic":false}