{"cameraMode":{"drawMode":0,"name":"Shaded","section":"Shading Mode"},"sceneLighting":true,"audioPlay":false,"sceneViewState":{"showFog":true,"showMaterialUpdate":false,"showSkybox":false,"showFlares":true,"showImageEffects":true,"showParticleSystems":true},"in2DMode":false,"pivot":{"x":-64.00006103515625,"y":212.0395965576172,"z":99.20001220703125},"rotation":{"x":0.22065243124961854,"y":-0.28041958808898928,"z":0.06645794957876206,"w":0.9319411516189575},"size":1114.88720703125,"orthographic":false}