{"cameraMode":{"drawMode":0,"name":"Shaded","section":"Shading Mode"},"sceneLighting":true,"audioPlay":false,"sceneViewState":{"showFog":true,"showMaterialUpdate":false,"showSkybox":true,"showFlares":true,"showImageEffects":true,"showParticleSystems":true},"in2DMode":false,"pivot":{"x":-103.42330169677735,"y":172.3530731201172,"z":-17.833168029785158},"rotation":{"x":0.10507334023714066,"y":-0.22180671989917756,"z":0.024048801511526109,"w":0.9691157341003418},"size":5.067887783050537,"orthographic":false}