{"cameraMode":{"drawMode":0,"name":"Shaded","section":"Shading Mode"},"sceneLighting":true,"audioPlay":false,"sceneViewState":{"showFog":true,"showMaterialUpdate":false,"showSkybox":true,"showFlares":true,"showImageEffects":true,"showParticleSystems":true},"in2DMode":false,"pivot":{"x":-275.6012268066406,"y":140.52435302734376,"z":188.51878356933595},"rotation":{"x":-0.05014122277498245,"y":-0.5474571585655212,"z":-0.032887186855077746,"w":0.8346861600875855},"size":31.290416717529298,"orthographic":false}