{"cameraMode":{"drawMode":0,"name":"Shaded","section":"Shading Mode"},"sceneLighting":true,"audioPlay":false,"sceneViewState":{"showFog":true,"showMaterialUpdate":false,"showSkybox":true,"showFlares":true,"showImageEffects":true,"showParticleSystems":true},"in2DMode":false,"pivot":{"x":599.515625,"y":273.85009765625,"z":523.375},"rotation":{"x":0.005999756511300802,"y":0.007499739993363619,"z":-0.00004496993642533198,"w":0.9999533891677856},"size":347.6927490234375,"orthographic":true}