{"cameraMode":{"drawMode":0,"name":"Shaded","section":"Shading Mode"},"sceneLighting":true,"audioPlay":false,"sceneViewState":{"showFog":true,"showMaterialUpdate":false,"showSkybox":true,"showFlares":true,"showImageEffects":true,"showParticleSystems":true},"in2DMode":false,"pivot":{"x":-621.1926879882813,"y":-147.43431091308595,"z":-646.8726806640625},"rotation":{"x":0.09978540986776352,"y":-0.886835515499115,"z":0.22691938281059266,"w":0.38998448848724368},"size":162.74017333984376,"orthographic":false}