{"cameraMode":{"drawMode":0,"name":"Shaded","section":"Shading Mode"},"sceneLighting":true,"audioPlay":false,"sceneViewState":{"showFog":true,"showMaterialUpdate":false,"showSkybox":true,"showFlares":true,"showImageEffects":true,"showParticleSystems":true},"in2DMode":false,"pivot":{"x":266.431640625,"y":404.79632568359377,"z":-84.34375},"rotation":{"x":1.1994865189990379e-7,"y":0.02549692802131176,"z":1.0726447641218329e-7,"w":0.9996718168258667},"size":192.44764709472657,"orthographic":true}