{"cameraMode":{"drawMode":0,"name":"Shaded","section":"Shading Mode"},"sceneLighting":true,"audioPlay":false,"sceneViewState":{"showFog":true,"showMaterialUpdate":false,"showSkybox":false,"showFlares":true,"showImageEffects":true,"showParticleSystems":true},"in2DMode":false,"pivot":{"x":0.0,"y":1.6477162837982178,"z":-1.9371509552001954e-7},"rotation":{"x":-0.20877255499362946,"y":0.5571141839027405,"z":-0.1472078263759613,"w":-0.7901992797851563},"size":1.6827605962753297,"orthographic":false}