{"cameraMode":{"drawMode":0,"name":"Shaded","section":"Shading Mode"},"sceneLighting":false,"audioPlay":false,"sceneViewState":{"showFog":true,"showMaterialUpdate":false,"showSkybox":false,"showFlares":true,"showImageEffects":true,"showParticleSystems":true},"in2DMode":false,"pivot":{"x":538.0,"y":265.61651611328127,"z":11.596733093261719},"rotation":{"x":-0.08353603631258011,"y":0.12581086158752442,"z":-0.010632299818098545,"w":-0.9884760975837708},"size":600.44873046875,"orthographic":false}